{
  "config": {
    "curriculum_stages": [
      1,
      2,
      3,
      4,
      5
    ],
    "accuracy_threshold": 82.0,
    "gpt_layers": 6,
    "rdt_loops": 6,
    "n_embed": 256,
    "gpt_params": 4780288,
    "rdt_params": 2544896
  },
  "results": {
    "hops": [
      1,
      2,
      3,
      4,
      5,
      7,
      10
    ],
    "gpt": [
      26.0,
      25.8,
      23.599999999999998,
      24.6,
      31.0,
      27.6,
      30.2
    ],
    "rdt_6": [
      28.199999999999996,
      28.999999999999996,
      27.800000000000004,
      28.4,
      33.2,
      28.000000000000004,
      29.2
    ],
    "rdt_10": [
      28.199999999999996,
      28.799999999999997,
      27.800000000000004,
      28.4,
      33.4,
      27.800000000000004,
      29.2
    ],
    "rdt_14": [
      28.199999999999996,
      28.799999999999997,
      27.800000000000004,
      28.4,
      33.4,
      27.800000000000004,
      29.2
    ]
  },
  "stage_history": {
    "gpt": [
      28.799999999999997,
      28.4,
      28.000000000000004,
      27.6,
      31.0
    ],
    "rdt": [
      31.0,
      30.0,
      28.999999999999996,
      31.2,
      33.2
    ]
  }
}