{
  "config": {
    "max_train_hops": 5,
    "gpt_layers": 6,
    "rdt_loops": 6,
    "task": "in_context_table_lookup",
    "gpt_params": 1210496,
    "rdt_params": 649856
  },
  "results": {
    "hops": [
      1,
      2,
      3,
      4,
      5,
      7,
      10
    ],
    "gpt": [
      29.599999999999998,
      30.8,
      31.6,
      31.4,
      32.0,
      30.2,
      26.0
    ],
    "rdt_6": [
      26.6,
      28.000000000000004,
      31.4,
      29.2,
      29.4,
      31.0,
      28.4
    ],
    "rdt_10": [
      26.6,
      27.800000000000004,
      31.6,
      28.799999999999997,
      29.799999999999997,
      31.0,
      28.000000000000004
    ],
    "rdt_14": [
      27.0,
      28.000000000000004,
      31.6,
      28.999999999999996,
      30.0,
      31.0,
      28.599999999999998
    ]
  }
}